"Date ","series ","OPEN ","HIGH ","LOW ","PREV. CLOSE ","ltp ","close ","vwap ","52W H ","52W L ","VOLUME ","VALUE ","No of trades "
"12-Mar-2021","EQ","100.25","102.30","100.20","98.85","101.40","101.30","101.48","105.25","71.15",34987666,"3,550,628,054.10",96751
"10-Mar-2021","EQ","101.90","101.90","98.70","100.55","99.00","98.85","99.58","105.25","71.15",21160710,"2,107,080,094.30",68150
"09-Mar-2021","EQ","102.45","102.90","99.20","103.60","100.60","100.55","101.02","105.25","71.15",29925269,"3,023,127,805.15",94006
"08-Mar-2021","EQ","102.25","105.00","102.10","101.45","103.70","103.60","103.71","105.25","71.15",49732782,"5,157,888,575.30",142836
"05-Mar-2021","EQ","101.70","102.85","100.85","101.45","101.50","101.45","101.89","112.90","71.15",40145177,"4,090,384,456.90",119077
"04-Mar-2021","EQ","101.50","103.10","101.15","102.60","101.50","101.45","101.92","112.90","71.15",16870409,"1,719,492,993.65",53673
"03-Mar-2021","EQ","103.00","104.00","101.40","102.20","102.50","102.60","102.82","112.90","71.15",30023276,"3,086,865,820.05",137700
"02-Mar-2021","EQ","102.25","104.10","101.75","100.70","102.30","102.20","102.83","112.90","71.15",45720247,"4,701,611,143.15",130480
"01-Mar-2021","EQ","101.00","101.50","99.80","98.05","100.90","100.70","100.69","112.90","71.15",30046249,"3,025,419,318.60",104552
"26-Feb-2021","EQ","99.50","101.95","97.20","100.90","97.85","98.05","99.76","113.10","71.15",45723160,"4,561,312,090.10",123862
"25-Feb-2021","EQ","99.40","101.95","98.85","97.95","101.45","100.90","100.50","113.10","71.15",62750445,"6,306,574,328.30",147409
"24-Feb-2021","EQ","98.40","99.90","97.00","97.65","98.00","97.95","98.87","113.10","71.15",19784111,"1,956,103,973.40",68813
"23-Feb-2021","EQ","96.40","99.10","96.00","95.65","97.90","97.65","97.87","113.10","71.15",35512683,"3,475,676,349.15",94597
"22-Feb-2021","EQ","97.50","98.50","95.10","97.55","95.20","95.65","96.79","113.10","71.15",19487082,"1,886,162,304.10",67565
"19-Feb-2021","EQ","99.20","100.50","96.10","99.00","97.50","97.55","98.58","115.30","71.15",42193351,"4,159,529,512.35",118324
"18-Feb-2021","EQ","95.30","99.85","95.30","95.00","98.95","99.00","98.45","115.30","71.15",54055390,"5,321,626,763.80",151786
"17-Feb-2021","EQ","95.55","95.70","94.65","95.60","95.00","95.00","95.05","115.30","71.15",16459093,"1,564,425,128.55",53664
"16-Feb-2021","EQ","94.15","96.50","94.00","94.15","95.80","95.60","95.48","115.30","71.15",24869144,"2,374,567,300.00",65064
"15-Feb-2021","EQ","95.55","96.10","94.00","95.10","94.15","94.15","94.53","115.30","71.15",14796024,"1,398,736,951.80",68006
"12-Feb-2021","EQ","96.55","97.10","94.60","96.50","95.30","95.10","95.50","118.35","71.15",19038734,"1,818,232,821.45",69515
"11-Feb-2021","EQ","96.10","97.50","95.90","96.75","96.70","96.50","96.56","118.35","71.15",19512564,"1,884,060,939.90",52132
"10-Feb-2021","EQ","98.10","98.75","96.10","97.70","96.90","96.75","97.07","118.35","71.15",22672022,"2,200,759,774.55",73456
"09-Feb-2021","EQ","99.80","99.80","97.00","104.10","97.95","97.70","98.67","118.35","71.15",47911877,"4,727,252,388.05",193856
"08-Feb-2021","EQ","104.00","104.40","102.45","102.40","104.40","104.10","103.60","118.35","71.15",37924977,"3,929,119,711.15",92391
"05-Feb-2021","EQ","104.50","104.60","102.05","103.60","102.45","102.40","102.88","118.35","71.15",31422905,"3,232,672,120.05",69926
"04-Feb-2021","EQ","102.80","104.35","102.50","101.85","103.80","103.60","103.38","118.35","71.15",51171418,"5,289,929,246.20",148243
"03-Feb-2021","EQ","100.60","102.40","99.90","98.80","102.00","101.85","100.89","118.35","71.15",58158800,"5,867,585,471.40",140432
"02-Feb-2021","EQ","97.55","99.20","96.75","95.80","99.10","98.80","98.45","118.35","71.15",38641408,"3,804,148,721.65",102193
"01-Feb-2021","EQ","95.80","96.40","93.40","93.25","96.15","95.80","94.99","118.35","71.15",53177517,"5,051,112,520.95",128702
"29-Jan-2021","EQ","93.80","96.30","92.80","92.60","93.30","93.25","94.25","120.20","71.15",74195476,"6,992,968,472.10",154632
"28-Jan-2021","EQ","90.45","92.95","90.25","91.40","92.85","92.60","91.94","120.20","71.15",24137903,"2,219,338,248.65",68594
"27-Jan-2021","EQ","93.00","93.80","90.25","93.45","91.50","91.40","91.25","120.20","71.15",27493562,"2,508,865,171.05",85705
"25-Jan-2021","EQ","97.00","97.50","93.15","95.70","93.45","93.45","94.36","120.20","71.15",22533235,"2,126,292,103.55",79755
"22-Jan-2021","EQ","96.50","97.35","95.25","96.70","95.75","95.70","96.12","121.65","71.15",22504208,"2,163,152,644.25",70242
"21-Jan-2021","EQ","98.20","99.60","96.20","98.30","97.15","96.70","98.28","121.65","71.15",25634853,"2,519,514,443.85",88996
"20-Jan-2021","EQ","98.90","99.80","97.75","98.55","98.00","98.30","98.45","121.65","71.15",18930532,"1,863,620,175.45",51381
"19-Jan-2021","EQ","99.00","100.30","98.00","98.30","98.80","98.55","99.18","121.65","71.15",24415735,"2,421,642,413.10",72377
"18-Jan-2021","EQ","101.55","101.85","97.50","101.30","97.65","98.30","98.89","121.65","71.15",28599856,"2,828,206,663.10",77601
"15-Jan-2021","EQ","103.35","103.90","100.50","103.20","101.50","101.30","102.41","128.20","71.15",27838004,"2,850,778,666.85",79793
"14-Jan-2021","EQ","101.75","103.60","100.30","100.95","103.20","103.20","101.92","128.20","71.15",30720438,"3,130,943,434.05",95930
"13-Jan-2021","EQ","98.45","102.75","98.20","97.95","101.05","100.95","101.14","128.20","71.15",55937686,"5,657,722,968.35",144365
"12-Jan-2021","EQ","95.60","99.35","95.20","96.00","98.00","97.95","98.17","128.20","71.15",31941540,"3,135,551,047.50",95480
"11-Jan-2021","EQ","96.20","96.95","94.60","96.15","95.70","96.00","95.73","128.20","71.15",16225411,"1,553,319,522.80",48381
"08-Jan-2021","EQ","95.10","96.40","94.65","94.50","96.05","96.15","95.93","128.20","71.15",22542041,"2,162,361,045.15",58002
"07-Jan-2021","EQ","95.00","95.45","93.80","94.10","94.50","94.50","94.62","128.20","71.15",18143241,"1,716,726,763.90",59737
"06-Jan-2021","EQ","93.35","95.60","93.20","93.00","94.00","94.10","94.51","128.20","71.15",24710986,"2,335,505,097.20",70716
"05-Jan-2021","EQ","93.00","93.25","91.80","93.85","93.05","93.00","92.60","128.20","71.15",18715045,"1,733,065,628.95",52674
"04-Jan-2021","EQ","92.00","94.05","92.00","91.50","93.90","93.85","93.06","128.20","71.15",20940906,"1,948,857,846.20",58181
"01-Jan-2021","EQ","91.30","91.75","91.10","90.95","91.65","91.50","91.42","128.20","71.15",7144142,"653,129,972.00",24893
"31-Dec-2020","EQ","90.50","91.65","90.20","90.90","91.00","90.95","90.86","128.20","71.15",15177511,"1,378,977,900.70",41750
"30-Dec-2020","EQ","91.35","91.70","90.00","91.20","90.90","90.90","90.68","128.20","71.15",13421049,"1,217,017,691.70",32960
"29-Dec-2020","EQ","92.00","92.50","90.40","91.70","91.35","91.20","91.33","128.20","71.15",14705538,"1,343,015,627.20",47117
"28-Dec-2020","EQ","91.00","92.00","90.90","90.25","91.85","91.70","91.41","128.20","71.15",13213126,"1,207,768,693.65",41637
"24-Dec-2020","EQ","88.25","91.25","88.25","88.15","90.25","90.25","90.26","129.00","71.15",21997837,"1,985,415,316.00",57440
"23-Dec-2020","EQ","88.20","88.60","86.75","87.95","88.15","88.15","87.89","129.00","71.15",21048766,"1,850,012,877.50",50630
"22-Dec-2020","EQ","86.00","88.50","84.20","87.10","88.20","87.95","86.37","129.00","71.15",34029323,"2,939,028,648.55",100970
"21-Dec-2020","EQ","93.40","93.40","84.60","93.95","87.00","87.10","89.09","129.00","71.15",49215350,"4,384,441,617.60",111851
"18-Dec-2020","EQ","95.40","95.75","93.30","95.40","94.10","93.95","94.08","129.10","71.15",24364590,"2,292,206,806.85",67184
"17-Dec-2020","EQ","96.50","97.00","95.00","96.35","95.30","95.40","95.90","129.10","71.15",16645932,"1,596,265,807.25",46760
"16-Dec-2020","EQ","96.50","97.50","95.80","95.45","96.25","96.35","96.61","129.10","71.15",22630689,"2,186,343,180.95",63438
"15-Dec-2020","EQ","96.25","96.25","94.35","96.20","95.35","95.45","95.25","129.10","71.15",20959935,"1,996,451,780.00",55261
"14-Dec-2020","EQ","95.00","96.80","94.60","93.85","96.30","96.20","95.93","129.10","71.15",34961172,"3,353,788,990.40",89098
"11-Dec-2020","EQ","93.55","96.10","93.05","92.45","93.95","93.85","94.84","129.70","71.15",55197152,"5,234,899,908.10",133676
"10-Dec-2020","EQ","93.90","93.90","91.15","93.95","92.45","92.45","92.26","129.70","71.15",22243189,"2,052,055,031.50",51475
"09-Dec-2020","EQ","91.40","94.25","91.10","91.05","94.05","93.95","93.05","129.70","71.15",34467763,"3,207,379,462.40",87211
"08-Dec-2020","EQ","92.00","92.30","90.05","91.70","91.00","91.05","91.13","129.70","71.15",17122770,"1,560,478,350.70",53319
"07-Dec-2020","EQ","90.50","92.20","90.40","90.40","91.60","91.70","91.42","129.70","71.15",21338652,"1,950,881,678.00",59942
"04-Dec-2020","EQ","90.30","91.45","89.00","89.90","90.40","90.40","90.35","131.60","71.15",24856327,"2,245,874,167.50",63510
"03-Dec-2020","EQ","89.45","90.10","87.60","88.40","89.90","89.90","88.96","131.60","71.15",39317570,"3,497,752,184.70",90809
"02-Dec-2020","EQ","85.85","89.35","85.60","85.85","88.35","88.40","88.40","131.60","71.15",44728000,"3,953,944,463.45",117377
"01-Dec-2020","EQ","85.00","86.00","84.10","84.60","85.90","85.85","85.29","131.60","71.15",14386967,"1,227,002,707.95",40823
"27-Nov-2020","EQ","85.60","86.20","84.00","85.60","84.40","84.60","85.00","133.70","71.15",31877290,"2,709,653,364.15",63786
"26-Nov-2020","EQ","85.90","86.25","84.55","85.75","85.65","85.60","85.26","133.70","71.15",15122856,"1,289,372,064.00",38871
"25-Nov-2020","EQ","86.50","87.10","85.50","86.15","85.65","85.75","86.26","133.70","71.15",17102078,"1,475,182,426.55",42299
"24-Nov-2020","EQ","87.00","87.35","85.75","86.45","86.15","86.15","86.40","133.70","71.15",17836449,"1,541,122,050.95",45912
"23-Nov-2020","EQ","85.50","86.65","84.05","84.85","86.60","86.45","85.33","133.70","71.15",21750853,"1,855,908,438.70",49687
"20-Nov-2020","EQ","84.75","85.75","83.40","84.70","84.70","84.85","84.35","134.25","71.15",15609165,"1,316,582,845.10",41459
"19-Nov-2020","EQ","85.25","86.60","84.50","85.25","84.80","84.70","85.62","134.25","71.15",15420472,"1,320,270,165.35",38842
"18-Nov-2020","EQ","84.50","85.45","84.20","84.95","85.40","85.25","84.85","134.25","71.15",12869418,"1,091,924,346.45",35043
"17-Nov-2020","EQ","87.00","87.00","84.50","86.65","84.95","84.95","85.46","134.25","71.15",25035014,"2,139,579,293.75",69955
"14-Nov-2020","EQ","85.25","87.00","84.90","84.75","87.00","86.65","86.34","140.00","71.15",6756382,"583,341,045.65",28505
"13-Nov-2020","EQ","84.00","85.15","83.70","85.30","84.65","84.75","84.52","140.00","71.15",11108758,"938,886,068.30",28388
"12-Nov-2020","EQ","85.00","85.50","83.95","85.00","85.15","85.30","84.76","140.00","71.15",13700138,"1,161,197,049.60",34356
"11-Nov-2020","EQ","84.25","85.20","83.15","84.25","84.90","85.00","84.43","140.00","71.15",18399868,"1,553,458,270.55",52080
"10-Nov-2020","EQ","81.10","84.45","81.10","81.20","84.00","84.25","83.07","140.00","71.15",21976849,"1,825,726,643.40",58719
"09-Nov-2020","EQ","80.45","81.45","80.10","80.25","81.10","81.20","80.81","140.00","71.15",15987537,"1,292,007,014.05",41220
"06-Nov-2020","EQ","80.00","80.90","79.70","79.80","80.10","80.25","80.23","142.70","71.15",15044571,"1,206,952,349.95",34949
"05-Nov-2020","EQ","78.70","80.20","78.25","77.95","80.00","79.80","79.26","142.70","71.15",19673077,"1,559,283,147.30",45532
"04-Nov-2020","EQ","78.00","78.50","76.85","78.00","77.90","77.95","77.71","142.70","71.15",10731410,"833,929,637.00",26892
"03-Nov-2020","EQ","78.05","79.10","77.40","78.20","78.00","78.00","78.04","142.70","71.15",15275353,"1,192,095,350.85",38267
"02-Nov-2020","EQ","80.05","80.50","77.55","79.55","78.05","78.20","78.43","142.70","71.15",19197735,"1,505,590,345.45",42601
"30-Oct-2020","EQ","80.00","81.90","79.00","78.40","79.25","79.55","80.34","148.95","71.15",54768803,"4,399,862,849.35",117866
"29-Oct-2020","EQ","76.70","78.90","76.20","78.05","78.85","78.40","77.21","148.95","71.15",18997747,"1,466,766,531.65",43031
"28-Oct-2020","EQ","78.10","78.35","77.10","78.10","78.00","78.05","77.67","148.95","71.15",11414392,"886,583,366.75",25925
"27-Oct-2020","EQ","77.55","78.50","76.10","78.10","78.00","78.10","77.56","148.95","71.15",15157667,"1,175,564,362.10",41628
"26-Oct-2020","EQ","78.25","79.20","78.00","78.25","78.10","78.10","78.39","148.95","71.15",12517768,"981,328,167.45",32478
"23-Oct-2020","EQ","77.70","79.25","77.70","77.70","78.20","78.25","78.54","148.95","71.15",13735592,"1,078,739,625.05",36898
"22-Oct-2020","EQ","75.85","78.25","75.50","76.00","78.05","77.70","76.99","148.95","71.15",21947260,"1,689,757,148.45",47039
"21-Oct-2020","EQ","75.75","76.75","75.40","75.05","76.15","76.00","76.06","148.95","71.15",28080425,"2,135,673,497.55",69086
"20-Oct-2020","EQ","76.60","76.70","74.90","76.80","75.15","75.05","75.41","148.95","71.15",18691246,"1,409,545,311.60",60305
"19-Oct-2020","EQ","74.60","77.40","74.60","74.20","77.20","76.80","75.97","148.95","71.15",23207536,"1,763,066,898.80",69281
"16-Oct-2020","EQ","74.60","75.20","73.85","74.55","74.30","74.20","74.26","149.00","71.15",23227741,"1,725,006,149.80",51827
"15-Oct-2020","EQ","74.65","75.80","74.00","74.65","74.25","74.55","75.12","149.00","71.15",17815860,"1,338,291,236.00",42955
"14-Oct-2020","EQ","75.20","75.90","73.75","76.10","74.80","74.65","74.51","149.00","71.15",19604295,"1,460,661,487.95",52560
"13-Oct-2020","EQ","75.55","76.35","74.55","75.70","76.10","76.10","75.48","149.00","71.15",12907922,"974,319,720.70",34096
"12-Oct-2020","EQ","76.50","77.45","75.10","76.50","75.60","75.70","76.12","149.00","71.15",11846163,"901,754,358.70",27653
"09-Oct-2020","EQ","74.60","77.50","74.60","75.50","76.50","76.50","76.36","150.95","71.15",18028904,"1,376,631,056.75",46748
"08-Oct-2020","EQ","75.10","75.80","74.30","75.20","75.50","75.50","75.08","150.95","71.15",13210777,"991,812,833.20",31431
"07-Oct-2020","EQ","75.15","75.55","74.30","75.35","75.15","75.20","74.99","150.95","71.15",15157502,"1,136,706,932.90",32187
"06-Oct-2020","EQ","76.15","76.25","74.70","75.55","75.25","75.35","75.32","150.95","71.15",16092167,"1,212,135,865.85",36052
"05-Oct-2020","EQ","74.50","76.15","73.80","74.10","75.70","75.55","74.79","150.95","71.15",16171232,"1,209,524,573.20",35630
"01-Oct-2020","EQ","73.95","75.00","73.45","73.90","73.95","74.10","74.21","156.00","71.15",14256817,"1,058,044,654.95",34985
"30-Sep-2020","EQ","74.85","75.45","73.00","74.85","73.90","73.90","73.90","156.00","71.15",18970112,"1,401,878,550.60",41419
"29-Sep-2020","EQ","76.00","76.25","74.05","75.65","74.90","74.85","74.90","156.00","71.15",14878350,"1,114,340,146.25",37429
"28-Sep-2020","EQ","75.00","76.60","74.30","74.10","75.85","75.65","75.65","156.00","71.15",16096156,"1,217,633,681.90",41028
"25-Sep-2020","EQ","72.35","74.40","71.85","72.00","73.90","74.10","73.15","156.00","71.15",24753598,"1,810,641,085.55",64320
"24-Sep-2020","EQ","75.00","75.20","71.65","75.95","72.35","72.00","73.23","156.00","71.15",24558526,"1,798,503,893.20",77290
"23-Sep-2020","EQ","76.50","77.20","75.35","76.15","76.10","75.95","75.92","156.00","71.15",19123948,"1,451,837,984.80",41787
"22-Sep-2020","EQ","78.10","78.40","75.40","77.70","76.20","76.15","76.30","156.00","71.15",20539323,"1,567,142,916.80",55806
"21-Sep-2020","EQ","80.80","81.00","77.00","80.70","77.40","77.70","78.66","156.00","71.15",22523202,"1,771,568,905.80",72310
"18-Sep-2020","EQ","82.60","82.85","80.25","81.80","80.80","80.70","81.35","156.00","71.15",21035497,"1,711,164,319.45",48115
"17-Sep-2020","EQ","82.40","82.80","81.40","82.70","82.00","81.80","82.05","156.00","71.15",12883226,"1,057,133,052.25",34909
"16-Sep-2020","EQ","82.25","83.05","81.45","82.25","82.55","82.70","82.17","156.00","71.15",12791146,"1,051,014,555.10",32397
"15-Sep-2020","EQ","82.70","83.40","81.80","82.70","82.30","82.25","82.54","156.00","71.15",11709315,"966,428,718.75",29803
"14-Sep-2020","EQ","83.20","83.80","82.35","83.10","82.70","82.70","83.12","156.00","71.15",11874116,"986,988,896.90",35915
"11-Sep-2020","EQ","83.30","84.00","82.05","83.55","82.95","83.10","82.88","156.00","71.15",17860255,"1,480,178,280.60",49485
"10-Sep-2020","EQ","80.70","83.95","80.70","80.55","83.65","83.55","82.52","156.00","71.15",29432278,"2,428,699,557.55",73817
"09-Sep-2020","EQ","82.70","82.85","79.30","82.75","80.60","80.55","80.51","156.00","71.15",24388612,"1,963,596,298.45",86795
"08-Sep-2020","EQ","83.95","84.40","82.55","83.80","82.70","82.75","83.54","156.00","71.15",16168962,"1,350,684,945.75",49747
"07-Sep-2020","EQ","84.50","84.95","81.80","83.90","84.00","83.80","83.40","156.00","71.15",14902298,"1,242,914,041.90",39014
"04-Sep-2020","EQ","84.00","84.85","82.75","85.10","84.15","83.90","84.15","156.00","71.15",12703543,"1,068,958,592.35",40483
"03-Sep-2020","EQ","85.70","86.55","84.45","85.30","85.00","85.10","85.10","156.00","71.15",14027426,"1,193,775,193.00",42296
"02-Sep-2020","EQ","85.40","85.65","84.55","84.65","85.65","85.30","85.00","156.00","71.15",12523696,"1,064,522,104.05",33763
"01-Sep-2020","EQ","85.80","86.60","83.50","85.80","85.05","84.65","84.69","156.00","71.15",27777356,"2,352,484,245.05",75106
"31-Aug-2020","EQ","88.50","91.75","85.35","87.80","85.55","85.80","88.72","156.00","71.15",70850231,"6,285,939,106.95",194934
"28-Aug-2020","EQ","87.80","89.00","87.40","87.20","88.00","87.80","88.18","156.00","71.15",17611779,"1,553,088,380.45",56253
"27-Aug-2020","EQ","88.15","88.40","87.05","87.90","87.35","87.20","87.64","156.00","71.15",15445049,"1,353,626,055.05",56287
"26-Aug-2020","EQ","88.80","88.85","87.60","88.30","88.00","87.90","88.06","156.00","71.15",16122996,"1,419,848,245.50",37615
"25-Aug-2020","EQ","88.35","89.05","87.60","88.35","88.30","88.30","88.23","156.00","71.15",19552892,"1,725,085,109.70",60686
"24-Aug-2020","EQ","88.95","89.40","88.10","88.85","88.35","88.35","88.61","156.00","71.15",9740352,"863,092,895.35",32690
"21-Aug-2020","EQ","89.95","90.45","88.60","89.05","88.80","88.85","89.58","156.00","71.15",19035208,"1,705,171,636.95",57254
"20-Aug-2020","EQ","87.90","89.70","87.10","88.00","89.00","89.05","88.60","156.00","71.15",32146698,"2,848,061,893.85",78108
"19-Aug-2020","EQ","87.10","89.00","87.10","87.00","88.00","88.00","88.22","156.00","71.15",24451316,"2,156,989,240.50",56901
"18-Aug-2020","EQ","87.10","87.90","86.65","87.55","87.10","87.00","87.17","156.00","71.15",13545170,"1,180,719,792.80",39294
"17-Aug-2020","EQ","85.25","87.75","85.15","84.80","87.50","87.55","86.61","156.00","71.15",19481634,"1,687,250,923.50",46137
"14-Aug-2020","EQ","87.50","87.50","84.55","86.85","85.05","84.80","85.80","156.00","71.15",19898132,"1,707,171,352.85",65494
"13-Aug-2020","EQ","86.40","87.05","85.95","85.85","87.00","86.85","86.47","156.00","71.15",11778434,"1,018,507,484.05",40832
"12-Aug-2020","EQ","87.05","87.25","85.70","87.05","86.10","85.85","86.12","156.00","71.15",21486470,"1,850,394,308.80",56907
"11-Aug-2020","EQ","87.20","88.20","86.90","87.10","87.30","87.05","87.34","156.00","71.15",16717030,"1,460,147,917.55",42902
"10-Aug-2020","EQ","86.60","87.70","86.20","86.40","87.20","87.10","87.14","156.00","71.15",16255605,"1,416,587,990.75",41964
"07-Aug-2020","EQ","87.70","88.40","85.65","87.20","86.40","86.40","86.65","156.00","71.15",22270182,"1,929,651,140.25",60040
"06-Aug-2020","EQ","86.80","88.20","86.30","86.60","87.40","87.20","87.38","156.00","71.15",19663459,"1,718,116,267.45",43397
"05-Aug-2020","EQ","87.00","88.05","86.30","86.95","86.75","86.60","87.25","156.00","71.15",21667810,"1,890,585,268.20",48032
"04-Aug-2020","EQ","86.30","87.45","85.80","86.20","86.85","86.95","86.84","156.00","71.15",25498635,"2,214,326,846.65",48206
"03-Aug-2020","EQ","88.35","88.35","85.40","88.45","85.50","86.20","86.75","156.00","71.15",31446437,"2,728,109,434.85",67061
"31-Jul-2020","EQ","89.30","89.95","87.25","88.55","88.55","88.45","88.59","156.00","71.15",41414494,"3,668,849,859.95",109264
"30-Jul-2020","EQ","92.00","92.50","87.60","92.60","88.90","88.55","89.56","156.00","71.15",43622365,"3,906,734,632.55",134336
"29-Jul-2020","EQ","92.30","93.70","92.05","93.40","92.55","92.60","92.84","156.00","71.15",14883656,"1,381,871,012.90",42777
"28-Jul-2020","EQ","93.75","95.25","92.65","93.75","93.30","93.40","93.97","156.00","71.15",24585687,"2,310,209,993.40",73004
"27-Jul-2020","EQ","93.60","95.65","91.40","92.80","93.50","93.75","94.20","156.00","71.15",39139215,"3,686,791,589.40",102982
"24-Jul-2020","EQ","93.90","94.60","91.80","94.30","92.90","92.80","92.95","156.00","71.15",22611546,"2,101,767,015.15",58247
"23-Jul-2020","EQ","91.75","95.45","91.20","92.00","94.25","94.30","94.39","156.00","71.15",44920975,"4,240,155,031.50",113747
"22-Jul-2020","EQ","93.55","94.20","91.50","93.45","91.70","92.00","93.05","156.00","71.15",30482054,"2,836,502,591.60",92171
"21-Jul-2020","EQ","88.30","94.70","87.70","88.30","93.30","93.45","92.45","156.00","71.15",93905218,"8,681,872,098.85",236234
"20-Jul-2020","EQ","86.95","88.50","86.15","86.90","88.40","88.30","87.79","156.00","71.15",20607847,"1,809,188,875.90",63264
"17-Jul-2020","EQ","84.65","87.70","83.55","84.25","86.90","86.90","86.15","156.00","71.15",51152122,"4,406,959,335.10",119946
"16-Jul-2020","EQ","85.45","85.55","82.50","85.65","84.00","84.25","83.70","156.00","71.15",22609832,"1,892,442,212.00",78847
"15-Jul-2020","EQ","86.80","87.00","85.10","86.40","85.30","85.65","85.88","156.00","71.15",16532721,"1,419,777,936.05",51982
"14-Jul-2020","EQ","86.75","87.80","85.90","87.40","86.30","86.40","86.62","156.00","71.15",15345709,"1,329,221,749.55",39690
"13-Jul-2020","EQ","87.00","87.75","86.20","86.15","87.30","87.40","87.09","156.00","71.15",16659178,"1,450,908,513.00",47168
"10-Jul-2020","EQ","86.45","86.55","85.40","86.50","86.15","86.15","85.99","156.00","71.15",11091008,"953,721,879.25",38811
"09-Jul-2020","EQ","87.45","88.45","86.00","86.95","86.80","86.50","87.09","156.00","71.15",15305046,"1,332,975,129.30",48027
"08-Jul-2020","EQ","86.25","88.90","86.05","86.15","86.80","86.95","87.33","156.00","71.15",16678756,"1,456,506,088.00",57392
"07-Jul-2020","EQ","88.00","88.05","85.90","87.95","86.20","86.15","86.55","156.00","71.15",12790857,"1,107,019,980.00",52845
"06-Jul-2020","EQ","88.05","89.35","87.00","87.85","87.90","87.95","88.35","156.00","71.15",13522961,"1,194,728,520.35",47163
"03-Jul-2020","EQ","88.40","89.10","87.20","88.35","87.80","87.85","87.89","157.50","71.15",9989790,"877,963,486.70",36973
"02-Jul-2020","EQ","86.50","88.90","85.95","85.65","88.45","88.35","87.98","157.50","71.15",23312656,"2,051,131,654.05",76107
"01-Jul-2020","EQ","85.65","86.15","84.30","85.35","85.75","85.65","85.29","157.50","71.15",14331346,"1,222,334,866.50",49591
"30-Jun-2020","EQ","88.30","88.45","84.75","87.10","85.60","85.35","86.15","157.50","71.15",16344707,"1,408,020,976.60",64626
"29-Jun-2020","EQ","89.50","90.70","86.50","89.15","87.15","87.10","87.99","157.50","71.15",21451435,"1,887,568,455.75",75857
"26-Jun-2020","EQ","85.90","89.95","85.75","85.05","89.10","89.15","88.77","158.00","71.15",46496322,"4,127,386,865.30",152542
"25-Jun-2020","EQ","85.20","88.10","84.70","87.10","85.25","85.05","85.97","158.00","71.15",25734149,"2,212,471,063.10",89407
"24-Jun-2020","EQ","90.50","90.50","86.05","89.35","87.00","87.10","88.60","158.00","71.15",29648026,"2,626,938,045.05",118530
"23-Jun-2020","EQ","88.80","90.50","88.15","88.05","89.50","89.35","89.29","158.00","71.15",31797103,"2,839,048,063.60",82766
"22-Jun-2020","EQ","85.85","88.30","85.50","85.30","88.20","88.05","87.27","158.00","71.15",22605365,"1,972,704,675.75",80834
"19-Jun-2020","EQ","86.00","86.10","84.70","84.85","85.30","85.30","85.25","159.70","71.15",21537953,"1,836,136,610.05",58110
"18-Jun-2020","EQ","84.30","85.50","83.75","84.35","85.20","84.85","84.79","159.70","71.15",14843028,"1,258,592,957.00",48307
"17-Jun-2020","EQ","84.50","85.85","83.85","84.85","84.30","84.35","84.90","159.70","71.15",12560184,"1,066,386,499.85",52485
"16-Jun-2020","EQ","87.35","88.25","83.85","86.20","84.85","84.85","86.05","159.70","71.15",18620672,"1,602,308,000.80",59588
"15-Jun-2020","EQ","88.15","88.20","85.90","88.30","86.10","86.20","86.96","159.70","71.15",35101481,"3,052,565,133.00",62405
"12-Jun-2020","EQ","85.00","88.55","85.00","88.35","88.35","88.30","87.26","163.50","71.15",21617576,"1,886,448,133.20",75833
"11-Jun-2020","EQ","90.10","93.35","87.90","89.95","88.65","88.35","90.85","163.50","71.15",29700148,"2,698,391,501.90",112293
"10-Jun-2020","EQ","90.60","91.95","89.10","90.65","90.10","89.95","90.07","163.50","71.15",13668132,"1,231,083,513.95",57728
"09-Jun-2020","EQ","93.35","93.60","90.10","93.10","90.70","90.65","91.71","163.50","71.15",16781255,"1,538,927,932.10",76418
"08-Jun-2020","EQ","92.90","96.40","92.10","89.40","93.35","93.10","93.98","163.50","71.15",39389102,"3,701,784,317.35",147040
"05-Jun-2020","EQ","86.60","90.05","86.20","85.90","89.55","89.40","88.58","170.75","71.15",24128677,"2,137,330,289.65",93747
"04-Jun-2020","EQ","86.05","86.65","84.10","87.00","85.50","85.90","85.27","170.75","71.15",29273591,"2,496,263,500.10",79662
"03-Jun-2020","EQ","86.30","88.90","86.10","85.80","87.05","87.00","87.62","170.75","71.15",19472942,"1,706,303,248.65",84462
"02-Jun-2020","EQ","86.60","86.85","84.75","86.15","85.95","85.80","85.66","170.75","71.15",17989429,"1,540,962,600.65",72550
"01-Jun-2020","EQ","85.30","87.25","84.50","83.20","86.25","86.15","86.01","170.75","71.15",29796065,"2,562,701,294.10",107316
"29-May-2020","EQ","77.70","84.70","77.20","77.70","83.50","83.20","81.40","170.75","71.15",34572984,"2,814,207,054.25",107097
"28-May-2020","EQ","77.40","78.80","77.20","77.55","77.75","77.70","77.93","170.75","71.15",9978005,"777,538,845.35",42687
"27-May-2020","EQ","77.20","77.95","76.00","77.15","77.65","77.55","76.74","170.75","71.15",14315336,"1,098,530,908.50",50966
"26-May-2020","EQ","76.60","77.85","76.15","75.50","77.25","77.15","77.22","170.75","71.15",15486146,"1,195,902,571.25",65259
"22-May-2020","EQ","73.75","75.90","72.80","74.45","75.65","75.50","74.67","170.75","71.15",14476537,"1,080,918,079.45",62076
"21-May-2020","EQ","74.10","74.95","73.00","74.10","74.35","74.45","74.17","170.75","71.15",10240766,"759,521,347.25",50131
"20-May-2020","EQ","72.35","74.50","71.90","72.05","74.10","74.10","73.63","170.75","71.15",12925558,"951,729,765.70",48348
"19-May-2020","EQ","72.85","73.40","71.80","71.55","72.25","72.05","72.56","170.75","71.15",12402582,"899,943,049.45",52859
"18-May-2020","EQ","75.55","75.80","71.15","75.50","71.50","71.55","72.60","170.75","71.15",17698491,"1,284,851,904.20",93276
"15-May-2020","EQ","75.75","76.40","75.20","75.15","75.50","75.50","75.90","170.75","72.80",15818086,"1,200,621,739.40",62382
"14-May-2020","EQ","76.00","76.45","75.00","76.00","75.15","75.15","75.49","170.75","72.80",9059402,"683,903,756.95",43679
"13-May-2020","EQ","77.90","77.90","75.75","74.90","76.35","76.00","76.21","170.75","72.80",18240702,"1,390,136,662.20",93813
"12-May-2020","EQ","75.85","76.70","74.60","75.35","74.95","74.90","75.37","170.75","72.80",16302858,"1,228,759,001.50",77409
"11-May-2020","EQ","75.55","76.30","74.80","74.35","75.45","75.35","75.38","170.75","72.80",12903300,"972,682,855.90",85975
"08-May-2020","EQ","76.10","77.00","74.05","75.75","74.50","74.35","75.14","170.75","72.80",14534653,"1,092,140,309.55",87417
"07-May-2020","EQ","76.85","77.00","75.60","76.55","75.75","75.75","76.07","170.75","72.80",13425918,"1,021,312,562.35",59405
"06-May-2020","EQ","76.80","77.30","72.80","78.70","76.80","76.55","75.60","170.75","72.80",26298393,"1,988,029,079.40",123378
"05-May-2020","EQ","81.00","82.00","78.40","79.75","78.80","78.70","80.32","170.75","74.45",13552151,"1,088,498,056.40",61616
"04-May-2020","EQ","82.65","82.70","79.50","84.20","79.80","79.75","80.39","170.75","74.45",12277492,"987,008,945.75",80094
"30-Apr-2020","EQ","81.55","84.50","81.30","80.50","84.15","84.20","82.88","170.75","74.45",21193860,"1,756,613,952.55",77748
"29-Apr-2020","EQ","80.00","81.15","79.80","79.65","80.70","80.50","80.59","170.75","74.45",12216675,"984,482,985.20",57307
"28-Apr-2020","EQ","82.10","82.50","79.30","81.50","79.60","79.65","80.57","170.75","74.45",18484160,"1,489,298,300.00",69529
"27-Apr-2020","EQ","82.40","83.05","81.30","81.50","81.45","81.50","82.33","170.75","74.45",6320557,"520,384,305.20",33698
"24-Apr-2020","EQ","82.25","84.40","81.10","83.10","81.30","81.50","82.95","170.75","74.45",10417195,"864,098,580.90",57556
"23-Apr-2020","EQ","83.40","85.00","82.80","83.00","83.20","83.10","83.90","170.75","74.45",9180558,"770,281,458.70",47337
"22-Apr-2020","EQ","82.95","83.75","79.15","83.00","83.40","83.00","81.49","170.75","74.45",15316400,"1,248,141,318.60",77681
"21-Apr-2020","EQ","86.80","86.80","82.50","87.55","82.95","83.00","84.41","170.75","74.45",13638140,"1,151,223,266.45",63729
"20-Apr-2020","EQ","87.75","89.50","85.75","86.00","87.70","87.55","88.03","170.75","74.45",17688009,"1,557,001,510.65",78655
"17-Apr-2020","EQ","86.05","86.80","85.00","84.70","86.00","86.00","85.95","170.75","74.45",9160107,"787,295,665.60",51198
"16-Apr-2020","EQ","83.25","85.80","82.55","83.20","84.65","84.70","84.73","170.75","74.45",11993071,"1,016,124,811.30",56611
"15-Apr-2020","EQ","84.00","86.30","82.80","83.15","83.45","83.20","84.67","170.75","74.45",13661968,"1,156,796,358.80",64754
"13-Apr-2020","EQ","84.50","84.50","81.80","83.40","83.25","83.15","83.02","170.75","74.45",9679851,"803,573,070.55",42732
"09-Apr-2020","EQ","82.70","84.20","81.85","81.75","83.40","83.40","83.05","170.75","74.45",13585658,"1,128,269,013.50",54475
"08-Apr-2020","EQ","82.85","86.00","81.10","83.00","81.50","81.75","83.68","170.75","74.45",20433621,"1,709,906,684.00",79547
"07-Apr-2020","EQ","82.00","83.70","80.00","79.50","82.85","83.00","82.37","170.75","74.45",16078424,"1,324,306,806.10",82065
"03-Apr-2020","EQ","81.00","82.10","76.60","78.95","79.60","79.50","79.13","170.75","74.45",17006294,"1,345,679,650.00",78460
"01-Apr-2020","EQ","81.65","82.20","78.00","81.65","79.45","78.95","79.57","170.75","74.45",10479535,"833,855,424.85",61479
"31-Mar-2020","EQ","78.00","82.50","77.05","76.80","81.30","81.65","80.95","170.75","74.45",24278037,"1,965,338,640.45",98539
"30-Mar-2020","EQ","75.00","78.30","74.45","76.90","76.80","76.80","76.72","170.75","74.45",11491396,"881,647,242.65",62528
"27-Mar-2020","EQ","78.50","80.15","76.05","78.00","77.00","76.90","77.43","170.75","74.65",13442836,"1,040,888,075.95",66222
"26-Mar-2020","EQ","78.00","78.50","74.65","77.85","78.20","78.00","77.09","170.75","74.65",18316505,"1,412,081,320.90",86875
"25-Mar-2020","EQ","77.80","80.95","77.00","79.70","77.25","77.85","78.68","170.75","76.00",18088609,"1,423,160,664.00",81986
"24-Mar-2020","EQ","82.90","84.00","77.65","80.75","79.75","79.70","79.67","170.75","76.00",15678126,"1,249,057,227.85",69769
"23-Mar-2020","EQ","82.00","87.25","80.00","90.60","81.40","80.75","82.52","170.75","76.00",14024553,"1,157,277,043.80",76425
"20-Mar-2020","EQ","89.00","92.95","88.10","87.95","90.90","90.60","90.55","170.75","76.00",20032128,"1,813,827,983.35",74272
"19-Mar-2020","EQ","84.45","90.80","82.40","87.60","88.00","87.95","87.47","170.75","76.00",21202946,"1,854,709,359.30",139154
"18-Mar-2020","EQ","90.25","91.35","86.45","89.40","87.45","87.60","88.11","170.75","76.00",18144753,"1,598,811,036.00",72994
"17-Mar-2020","EQ","90.00","93.50","88.95","89.70","89.10","89.40","91.45","170.75","76.00",17242692,"1,576,862,920.10",87256
"16-Mar-2020","EQ","90.40","92.60","87.65","92.25","89.70","89.70","90.09","170.75","76.00",29823600,"2,686,659,075.70",104308
"13-Mar-2020","EQ","80.30","93.25","76.00","87.90","91.95","92.25","89.72","170.75","76.00",41589406,"3,731,314,695.60",141577
"12-Mar-2020","EQ","93.00","93.65","87.25","96.90","87.60","87.90","90.39","170.75","87.25",28174778,"2,546,713,196.70",202985
"11-Mar-2020","EQ","100.05","100.10","95.05","99.40","95.10","96.90","96.97","170.75","95.05",20255316,"1,964,136,937.00",107240
"09-Mar-2020","EQ","102.30","105.25","98.00","100.80","98.60","99.40","102.34","170.75","98.00",33011189,"3,378,403,080.00",154576
"06-Mar-2020","EQ","101.80","101.80","99.30","104.80","100.80","100.80","100.31","170.75","99.30",24683806,"2,475,982,081.80",193641
"05-Mar-2020","EQ","107.55","108.40","104.45","106.60","104.90","104.80","106.29","170.75","100.90",10165175,"1,080,500,823.25",75253
"04-Mar-2020","EQ","106.80","108.75","105.75","106.65","106.85","106.60","107.14","170.75","100.90",13611167,"1,458,237,230.80",110919
"03-Mar-2020","EQ","105.50","107.80","104.30","103.95","106.75","106.65","106.17","170.75","100.90",13272595,"1,409,184,297.45",86695
"02-Mar-2020","EQ","108.45","112.90","103.10","105.75","104.00","103.95","107.13","170.75","100.90",14580876,"1,562,015,325.90",90858
"28-Feb-2020","EQ","103.80","107.40","100.90","105.65","106.25","105.75","104.07","170.75","100.90",24217885,"2,520,260,624.05",111732
"27-Feb-2020","EQ","108.35","108.35","105.00","108.35","105.65","105.65","106.30","170.75","105.00",17657965,"1,877,124,412.70",114720
"26-Feb-2020","EQ","110.20","111.30","108.00","110.45","108.35","108.35","109.30","170.75","107.55",11476899,"1,254,413,896.00",68117
"25-Feb-2020","EQ","111.90","112.95","110.10","110.55","110.85","110.45","111.66","170.75","107.55",11212323,"1,251,941,029.35",71439
"24-Feb-2020","EQ","112.80","113.10","110.15","112.30","110.30","110.55","111.74","170.75","107.55",7926996,"885,790,362.55",51606
"20-Feb-2020","EQ","113.55","114.45","112.00","114.20","112.40","112.30","112.98","170.75","107.55",10958877,"1,238,178,478.10",48914
"19-Feb-2020","EQ","113.80","114.50","112.65","112.65","114.20","114.20","113.70","170.75","107.55",8021126,"911,965,310.95",29421
"18-Feb-2020","EQ","111.90","115.10","110.45","111.80","112.70","112.65","112.27","170.75","107.55",14517328,"1,629,867,240.60",62594
"17-Feb-2020","EQ","115.00","115.30","111.25","115.10","111.80","111.80","112.17","170.75","107.55",9671741,"1,084,921,970.10",36612
"14-Feb-2020","EQ","114.70","115.70","113.70","114.75","115.20","115.10","114.99","170.75","107.55",11808749,"1,357,879,122.30",60383
"13-Feb-2020","EQ","114.95","115.75","114.25","115.10","114.75","114.75","114.85","170.75","107.55",9028140,"1,036,901,737.65",35665
"12-Feb-2020","EQ","116.05","116.95","114.65","116.05","115.05","115.10","115.33","170.75","107.55",11943767,"1,377,462,539.40",43677
"11-Feb-2020","EQ","116.00","117.40","115.70","115.80","116.05","116.05","116.38","170.75","107.55",10333935,"1,202,625,014.35",57370
"10-Feb-2020","EQ","117.40","118.35","115.25","117.50","115.80","115.80","116.66","170.75","107.55",13771283,"1,606,537,646.90",46266
"07-Feb-2020","EQ","116.70","117.75","115.00","117.05","117.65","117.50","116.47","170.75","107.55",10836941,"1,262,160,105.20",44964
"06-Feb-2020","EQ","115.50","117.50","115.40","114.70","116.80","117.05","116.61","170.75","107.55",13080297,"1,525,339,955.75",59248
"05-Feb-2020","EQ","114.85","115.85","113.90","113.80","114.70","114.70","114.90","170.75","107.55",15743983,"1,808,913,971.80",61028
"04-Feb-2020","EQ","110.00","114.20","109.50","108.05","114.10","113.80","112.26","170.75","107.55",21018948,"2,359,547,027.80",91857
"03-Feb-2020","EQ","110.05","112.40","107.55","108.90","108.50","108.05","109.85","170.75","107.55",25072213,"2,754,068,925.05",104534
"01-Feb-2020","EQ","113.35","114.70","108.15","113.45","109.25","108.90","111.51","170.75","108.15",19289087,"2,150,852,803.25",81971
"31-Jan-2020","EQ","118.55","118.55","112.60","117.15","113.45","113.45","113.87","170.75","111.95",36742641,"4,183,931,050.85",155640
"30-Jan-2020","EQ","119.90","119.95","116.20","118.30","116.85","117.15","117.99","170.75","111.95",28004675,"3,304,273,424.30",90420
"29-Jan-2020","EQ","118.80","119.95","117.80","117.90","118.45","118.30","119.06","170.75","111.95",21334647,"2,540,054,258.75",50737
"28-Jan-2020","EQ","118.15","119.60","116.35","117.45","117.95","117.90","118.15","170.75","111.95",21276548,"2,513,918,360.30",75584
"27-Jan-2020","EQ","119.25","120.20","117.00","119.65","117.30","117.45","118.39","170.75","111.95",13598855,"1,609,917,672.80",54180
"24-Jan-2020","EQ","121.50","121.65","119.10","118.35","119.60","119.65","120.25","170.75","111.95",26158995,"3,145,673,022.25",83739
"23-Jan-2020","EQ","115.10","120.90","115.05","113.65","120.30","118.35","118.42","170.75","111.95",209929135,"24,859,986,923.05",235485
"22-Jan-2020","EQ","116.65","116.90","111.95","114.80","114.55","113.65","114.18","170.75","111.95",71728557,"8,190,172,794.35",158038
"21-Jan-2020","EQ","118.00","118.45","114.25","117.50","115.15","114.80","115.56","170.75","113.70",46511802,"5,374,785,185.35",151583
"20-Jan-2020","EQ","117.95","119.70","113.70","122.65","117.65","117.50","117.58","170.75","113.70",45262474,"5,321,741,425.60",145893
"17-Jan-2020","EQ","124.15","124.25","122.30","124.15","122.65","122.65","122.98","170.75","116.25",7715842,"948,904,410.45",44652
"16-Jan-2020","EQ","126.05","126.50","124.00","125.70","124.15","124.15","124.64","170.75","116.25",7051795,"878,947,117.40",52692
"15-Jan-2020","EQ","126.95","127.00","125.00","126.90","125.75","125.70","125.71","170.75","116.25",4768492,"599,466,450.95",30381
"14-Jan-2020","EQ","127.60","128.20","126.65","126.95","126.95","126.90","127.28","170.75","116.25",4488135,"571,234,150.85",25334
"13-Jan-2020","EQ","125.90","127.60","125.30","125.45","127.00","126.95","126.80","170.75","116.25",5747384,"728,754,098.70",30970
"10-Jan-2020","EQ","125.00","125.75","124.05","124.50","125.20","125.45","124.78","170.75","116.25",8377343,"1,045,302,102.95",35492
"09-Jan-2020","EQ","124.90","125.50","122.85","121.85","124.40","124.50","124.22","170.75","116.25",9218835,"1,145,130,784.75",78201
"08-Jan-2020","EQ","123.05","123.90","121.50","124.55","122.10","121.85","122.37","170.75","116.25",8885759,"1,087,329,251.90",51233
"07-Jan-2020","EQ","125.30","127.45","124.10","124.90","124.80","124.55","125.62","170.75","116.25",8451693,"1,061,700,243.75",45411
"06-Jan-2020","EQ","126.50","126.50","124.50","126.85","124.80","124.90","125.15","170.75","116.25",12631499,"1,580,852,938.75",50588
"03-Jan-2020","EQ","126.50","127.50","126.15","127.00","127.00","126.85","126.72","170.75","116.25",8852105,"1,121,736,352.05",45004
"02-Jan-2020","EQ","126.20","127.20","126.00","125.95","127.00","127.00","126.71","170.75","116.25",2559180,"324,261,944.25",16315
"01-Jan-2020","EQ","125.95","126.75","125.75","125.55","125.85","125.95","126.12","170.75","116.25",2127492,"268,315,812.80",13955